{"successful_requests": 100, "slowest": 0.16331521899974177, "fastest": 0.06573352000032173, "total_time": 1.1716079540001374, "requests_per_minute": 5121, "requests_per_second": 85}